func_id,prefix,globals
106500,bug_report_button_0_,
147462,sq_fixatts_0_,
79879,get_move_target_list_0_,lastTargetMailbox;imapConnection
86025,select_option_day_0_,
172042,save_option_noop_0_,
167255,error_message_0_,default_folder_prefix
191149,charset_decode_iso_8859_3_0_,
194576,charset_decode_koi8_u_0_,
32788,compute_folder_children_0_,username;boxes;data_dir;collapse_folders
106517,bug_report_block_0_,
198679,quotevalue_0_,
92188,squirrelmail_plugin_init_view_as_html_0_,squirrelmail_plugin_hooks
120861,s_search_0_,
133160,removePref_0_,prefs_cache
77865,print_response_0_,
63530,load_filters_0_,username;data_dir
106539,bug_report_button_do_0_,username;color;data_dir
96300,parseConfig_0_,newcfg
75821,squirrelmail_plugin_init_squirrelspell_0_,squirrelmail_plugin_hooks
69679,mail_fetch_check_noselect_0_,
2096,addressbook_inp_field_0_,color
227378,parseAddress_1_,
170037,createWidget_FolderList_0_,
92214,view_as_html_info_0_,
161847,sqimap_run_command_0_,color;squirrelmail_language
104504,fortune_show_0_,color
79929,delete_move_next_moveNextForm_0_,sort;passed_id;what;startMessage;color;mailbox;base_uri;delete_id;imapConnection;where;move_id;currentArrayIndex
182586,getSmallStringCell_0_,
172091,create_hidden_element_0_,
127038,sqimap_mailbox_list_0_,username;default_sub_of_inbox;save_as_draft;data_dir;sent_folder;folder_prefix;draft_folder;default_folder_prefix;delimiter;trash_folder;noselect_fix_enable;list_special_folders_first;move_to_sent;move_to_trash
174091,abook_database_0_,
8263,ShowIdentityInfo_0_,color
226316,getAddressTokens_0_,
81994,sent_subfolders_special_mailbox_0_,username;data_dir;sent_folder
135246,is_ssl_secured_connection_0_,sq_ignore_http_x_forwarded_headers;sq_https_port
75855,squirrelspell_optpage_register_block_0_,optpage_blocks
120912,lookup_0_,
102481,spamcop_show_link_0_,spamcop_quick_report;spamcop_enabled;spamcop_method
84053,endcalendar_0_,color;month;day;year
77911,info_is_plugin_enabled_0_,plugins
106588,bug_report_block_do_0_,username;optpage_data;data_dir;bug_report_visible
133213,setPref_1_,prefs_cache
223248,parseLanguage_0_,
86114,calendar_readmultiline_0_,
153699,compose_Header_0_,username;frame_top;data_dir;compose_new_win;base_uri;reply_focus;action;delimiter;hide_sm_attributions
129124,sm_truncate_string_0_,
14437,showInputForm_0_,username;default_use_mdn;attachments;color;sig_first;prefix_sig;passed_body;location_of_buttons;session_expired;subject;passed_id;use_javascript_addr_book;data_dir;composesession;use_signature;send_to_cc;compose_new_win;send_to;from_htmladdr_search;saved_draft;body;editor_size;mdn_user_support;startMessage;editor_height;idents;send_to_bcc;draft_id;mailbox;javascript_on;composeMessage;newmail;mail_sent;identity;compose_onsubmit;attachment_dir;mailprio;signature;action;delete_draft;default_charset;edit_as_new
65638,Mail_Fetch_Status_0_,
186472,charset_decode_iso_8859_7_0_,
211055,checkForPrefs_1_,
88178,update_event_form_0_,editor_size;hour;color;month;calendardata;year;day;minute
198773,unicodetoiso88592_0_,
92281,view_as_html_read_body_top_0_,
139386,soupNazi_0_,
75901,squirrelspell_setup_0_,
172053,create_optpage_element_0_,
211307,send_mail_0_,
229512,findAddress_0_,
92298,view_as_html_read_body_header_right_0_,
63629,load_spam_filters_0_,username;SpamFilters_ShowCommercial;data_dir
211090,setSig_0_,
104602,fortune_show_options_0_,username;optpage_data;fortune_visible;data_dir
2204,address_form_0_,color;squirrelmail_language
157854,parseArray_0_,
92320,view_as_html_set_0_,message;show_html_default
172131,create_option_groups_0_,
164004,sqimap_login_0_,authz;authz_imapPort_tls;use_imap_tls;color;onetimepad;sqimap_capabilities;authz_imap_auth_mech;imap_auth_mech;squirrelmail_language;authz_use_imap_tls
174249,open_1_,
223402,parseParenthesis_0_,
155819,get_reference_header_0_,uid_support
200880,charset_encode_utf_8_0_,
168449,SquirrelOption_0_,
133302,checkForPrefs_0_,
189471,charset_decode_cp855_0_,
168124,error_option_save_0_,optpage_save_error
86205,readcalendardata_0_,username;data_dir;calendardata;year
137407,save_identities_0_,username;domain;data_dir
80064,delete_move_next_moveRightMainForm_0_,sort;passed_id;what;startMessage;color;mailbox;base_uri;delete_id;imapConnection;where;move_id;currentArrayIndex
73922,pop_list_0_,
30915,get_info_0_,
106695,squirrelmail_plugin_init_translate_0_,squirrelmail_plugin_hooks
135372,file_has_long_lines_0_,
131277,sq_substr_0_,default_charset;squirrelmail_language;sq_string_func_auto_charset
180431,ShowSortButton_0_,PHP_SELF
141526,formatBody_0_,sort;username;imapPort;startMessage;languages;passed_ent_id;squirrelmail_language;download_and_unsafe_link;key;has_unsafe_images;imapServerAddress;show_html_default
196949,overwrite_0_,
196833,close_1_,
200918,unicodetoutf8_0_,
32999,create_collapse_link_0_,color;unseen_notify;boxes;imapConnection
151789,digest_md5_parse_challenge_0_,
104829,plugin_listcommands_menu_0_,passed_id;startMessage;compose_new_win;color;mailbox;passed_ent_id;message
180999,get_paginator_str_0_,username;color;use_mailbox_cache;data_dir;PG_SHOWNUM
106737,translate_read_form_0_,passed_id;translate_dir;color;mailbox;translate_server;wrap_at;imapConnection;message;translate_show_read
67827,mail_fetch_login_0_,imapServerAddress;data_dir;imapPort
182516,getMbxList_0_,lastTargetMailbox
155896,sqimap_get_sort_order_0_,default_charset;server_sort_array;sent_folder;uid_support;thread_sort_messages;mailbox;imap_server_type;internal_date_sort
157945,parseFetch_0_,
74887,quit_0_,
108799,translate_form_intertran_0_,
104705,squirrelmail_plugin_init_fortune_0_,squirrelmail_plugin_hooks
121093,list_addr_2_,
223496,parseMessage_0_,
196873,lock_0_,
129290,readShortMailboxName_0_,
182773,sqimap_search_0_,sent_folder;pos;message_highlight_list;languages;uid_support;index_order;squirrelmail_language;imap_server_type;allow_charset_search
188685,charset_decode_iso_8859_5_0_,
203022,charset_encode_koi8_u_0_,
215317,mimeBoundary_0_,
182550,getButton_0_,
137945,findParentForChild_0_,
104731,fortune_0_,username;fortune_visible;data_dir
84253,squirrelmail_plugin_init_calendar_0_,squirrelmail_plugin_hooks
174368,close_0_,
184368,date_intl_0_,
16674,checkInput_0_,body;send_to_bcc;send_to_cc;send_to;color;subject
145699,sq_tagprint_0_,
165316,sqimap_get_delimiter_0_,optional_delimiter;sqimap_delimiter
84271,calendar_0_,
306,addr_insert_hidden_0_,body;request_dr;request_mdn;send_to_bcc;send_to_cc;send_to;mailbox;mailprio;session;composeMessage;identity;subject
203060,unicodetokoi8u_0_,
92472,view_as_html_link_0_,sort;message;show_html_default
33082,create_unseen_string_0_,color;boxes;unseen_type;unseen_cum
80190,delete_move_next_unread_0_,imapConnection
196928,unlock_0_,
185056,charset_decode_iso_8859_16_0_,
76100,sqspell_makePage_0_,color;SQSPELL_VERSION
215366,timezone_0_,show_timezone_name;invert_time
124641,isSentMailbox_0_,move_to_sent;sent_folder
104777,fortune_optpage_loadhook_display_0_,
190794,charset_decode_iso_ir_111_0_,
169477,createWidget_Info_0_,
180560,get_selectall_link_0_,checkall;what;PHP_SELF;mailbox;PG_SHOWNUM;javascript_on;where
155704,sqimap_message_list_squisher_0_,
210659,fillPrefsCache_0_,prefs_cache
102741,spamcop_options_0_,optpage_blocks
170328,createWidget_TextArea_0_,
182617,getEndMessage_0_,
211292,getBcc_1_,
219493,parse_vcard_0_,
131432,sq_substr_replace_0_,default_charset;squirrelmail_language;sq_string_func_auto_charset
86377,writecalendardata_0_,username;color;data_dir;calendardata;year
104811,squirrelmail_plugin_init_listcommands_0_,squirrelmail_plugin_hooks
125295,sqimap_mailbox_create_0_,delimiter
174453,search_2_,
213368,prepareRFC822_Header_0_,username;domain;version;hide_auth_header;encode_header_key
224660,findRelatedEntity_0_,
102779,spamcop_while_sending_0_,username;spamcop_delete;auto_expunge;imapPort;compose_new_win;mailbox;key;imapServerAddress
80253,delete_move_next_delete_0_,auto_expunge;imapConnection
18815,s_opt_0_,
16768,saveAttachedFiles_0_,username;attachment_dir;data_dir;_FILES;composeMessage
143746,encodeHeader_0_,languages;default_charset;squirrelmail_language
139653,getHashedFile_0_,dir_hash_level
198735,charset_encode_iso_8859_2_0_,
121228,add_1_,
147853,sq_fix_url_0_,
231822,japanese_xtra_decode_0_,
61840,start_filters_0_,imap_general;imapPort;imap_stream;mailbox;AllowSpamFilters;filters;imapConnection;imapServerAddress;imap;UseSeparateImapConnection
209300,bindtextdomain_1_,gettext_php_domain;gettext_php_loaded;gettext_php_dir
200430,unicodetocp1256_0_,
101444,newmail_plugin_0_,username;imapPort;org_title;newmail_enable;newmail_popup;newmail_changetitle;newmail_recent;key;imapConnection;imapServerAddress;newmail_popup_height;newmail_popup_width;newmail_media
149914,magicHTML_0_,attachment_common_show_images;has_unsafe_images;MailTo_PReg_Match;compose_new_win;view_unsafe_images
145824,sq_casenormalize_0_,
100770,CheckNewMailboxSound_0_,newmail_allbox;sent_folder;newmail_recent;color;folder_prefix;newmail_changetitle;unseen_notify;trash_folder;unseen_type;move_to_sent;move_to_trash
208556,__1_,
216134,preWriteToStream_2_,
18856,get_recent_0_,
137642,sqfixidentities_0_,
131143,sq_strpos_0_,default_charset;squirrelmail_language;sq_string_func_auto_charset
140018,computeHashDirs_0_,
186799,charset_decode_iso_8859_15_0_,
151984,hmac_md5_0_,
225469,stripComments_0_,
84402,day_header_0_,prev_year;next_day;next_date;prev_day;color;prev_month;next_month;month;next_year;year;prev_date;day
82355,show_event_form_0_,editor_size;hour;color;month;year;day
145844,sq_skipspace_0_,
172072,create_optmode_element_0_,
129466,sqm_baseuri_0_,base_uri;PHP_SELF
119228,addressbook_init_0_,username;abook_global_file;data_dir;addrbook_global_table;color;ldap_server;abook_global_file_listing;abook_file_line_length;addrbook_dsn;addrbook_global_listing;abook_global_file_writeable;addrbook_table;addrbook_global_dsn;address_book_global_filename;addrbook_global_writeable
125373,sqimap_subscribe_0_,
133567,setSig_1_,
39361,process_optionmode_submit_0_,
123334,list_addr_3_,ldap_abook_allow_listing
172487,print_option_groups_0_,color
195017,charset_decode_ns_4551_1_0_,
199117,charset_encode_iso_8859_1_0_,
80335,delete_move_next_move_0_,lastTargetMailbox;mailbox;auto_expunge;imapConnection
2513,list_writable_backends_0_,color;abook
184786,getTimeStamp_0_,
231892,japanese_xtra_encode_0_,
209365,textdomain_1_,gettext_php_domain;gettext_php_loaded
170459,createWidget_Integer_0_,javascript_on
106975,translate_table_end_0_,
125409,sqimap_unsubscribe_0_,
195042,charset_decode_cp866_0_,
123368,addInputField_0_,
106985,translate_button_0_,translate_show_send
222631,parseQuote_0_,
211437,mail_0_,username;imapPort;mailbox;key;imapConnection;imapServerAddress
498,addr_display_result_0_,color;javascript_on;squirrelmail_language;PHP_SELF
199155,unicodetoiso88591_0_,
145908,sq_findnxstr_0_,
161534,sqimap_toggle_flag_0_,uid_support
229904,getContentType_0_,
102903,spamcop_enable_disable_0_,
219640,addEntity_0_,
107003,translate_optpage_register_block_0_,optpage_blocks
163925,sqimap_read_data_0_,
129537,get_location_0_,imap_server_type;config_location_base;sq_ignore_http_x_forwarded_headers;is_secure_connection
162308,sqimap_fgets_0_,
39429,process_optionmode_link_0_,
170503,createWidget_Float_0_,javascript_on
55819,save_option_theme_0_,theme
18957,get_saved_0_,
39440,print_optionpages_row_0_,color
231962,japanese_xtra_encodeheader_0_,
107041,translate_pref_0_,username;translate_show_send;translate_server;translate_same_window;translate_location;data_dir;translate_show_read
111140,translate_form_promt_0_,
135717,register_attachment_common_0_,squirrelmail_plugin_hooks
76326,sqspell_makeWindow_0_,color;SQSPELL_VERSION
8747,sti_textarea_0_,
16940,getByteSize_0_,
145965,sq_findnxreg_0_,
170547,createWidget_Boolean_0_,
123445,addPwField_0_,
154166,sqimap_mb_convert_encoding_0_,
179978,mail_message_listing_end_0_,
88641,confirm_update_0_,event_priority;hour;color;event_length;day;event_year;month;event_text;event_title;calendardata;event_day;year;event_minute;event_month;calself;minute;event_hour
205380,is_conversion_safe_0_,languages;default_charset;lossy_encoding;sm_notAlias
80453,delete_move_next_display_inside_0_,username;delete_move_next_b;delete_move_next_formATtop;delete_move_next_formATbottom;delete_move_next_t;delete_move_next_show_unread;data_dir
100937,squirrelmail_plugin_init_newmail_0_,squirrelmail_plugin_hooks
199242,unicodetoiso88597_0_,
86604,delete_event_0_,username;data_dir;calendardata;year
139859,getHashedDir_0_,dir_hash_level
74326,get_0_,
193112,charset_decode_iso_8859_9_0_,
209497,cachePrefValues_0_,prefs_cache;prefs_are_cached
229980,getAddress_0_,
55901,save_option_javascript_autodetect_0_,username;data_dir
84574,initialize_events_0_,daily_events;year;day;calendardata;month
121439,remove_3_,
215648,ip2hex_0_,
134928,sqsession_is_active_0_,
152163,sqauth_read_password_0_,key;is_login_verified_hook
92262,view_as_html_version_0_,
189030,charset_decode_cp1258_0_,
197226,search_4_,color
19052,update_recent_0_,
209682,open_3_,prefs_table;prefs_dsn;prefs_val_field;prefs_key_field;prefs_user_field
180851,get_msgcnt_str_0_,
154230,imap_utf7_encode_local_0_,languages;default_charset;squirrelmail_language
107284,translate_lang_opt_0_,translate_dir
100987,newmail_optpage_register_block_0_,optpage_blocks
133758,getSig_0_,
125567,sqimap_mailbox_is_subscribed_0_,
123523,addRadioBox_0_,
96902,change_to_rel_path_0_,
62088,user_filters_0_,username;data_dir
232073,japanese_xtra_downloadfilename_0_,
219475,create_vcard_0_,
33419,is_parent_box_0_,delimiter
107151,translate_does_it_match_language_0_,squirrelmail_language
152210,sqauth_save_password_0_,
17044,deliverMessage_0_,username;request_dr;sent_folder;color;move_to_sent;pop_before_smtp;domain;pop_before_smtp_host;subject;useSendmail;data_dir;send_to_cc;draft_folder;send_to;smtpServerAddress;body;idents;send_to_bcc;popuser;usernamedata;mailbox;passed_ent_id;key;smtpPort;sendmail_args;imapServerAddress;identity;imapPort;request_mdn;default_move_to_sent;sendmail_path;mailprio;action;passed_id;default_charset
92825,squirrelmail_plugin_init_demo_0_,squirrelmail_plugin_hooks
134231,check_php_version_0_,SQ_PHP_VERSION
131739,sq_mb_list_encodings_0_,
146076,sq_getnxtag_0_,
168730,is_multiple_valued_0_,
137886,empty_identity_0_,
216407,clean_crlf_1_,
134939,sqsession_start_0_,base_uri
174760,lookup_1_,
123561,addHidden_0_,
192266,charset_decode_cp1250_0_,
101037,newmail_sav_0_,username;data_dir
125616,sqimap_mailbox_rename_0_,imap_server_type;username;delimiter;data_dir
55986,save_option_reply_prefix_0_,username;new_javascript_setting;data_dir
212725,strip_crlf_0_,
96949,change_to_sm_path_0_,
223927,findDisplayEntity_0_,
135867,attachment_common_link_message_0_,squirrelmail_attachments_finished_handling
130686,RemoveSlashes_0_,
123586,addInput_0_,
180948,get_paginator_link_0_,PHP_SELF
152277,get_smtp_user_0_,username;smtp_auth_mech;smtp_sitewide_pass;smtp_sitewide_user
232150,japanese_xtra_wordwrap_0_,
80600,delete_move_next_display_save_0_,username;data_dir
121561,modify_1_,
49882,attachSelectedMessages_0_,username;compose_messages;data_dir;startMessage;composesession;uid_support;thread_sort_messages;mailbox;attachment_dir;show_num;msgs;allow_server_sort
92891,demo_info_0_,
166622,sqimap_unseen_messages_0_,
221830,parseProperties_1_,
86752,update_event_0_,username;data_dir;calendardata;year
230594,getProperty_0_,
203500,charset_encode_cp1255_0_,
76526,sqspell_crypto_0_,
142065,formatAttachments_0_,color;what;passed_ent_id;where;startMessage
58098,save_option_trash_folder_0_,username;data_dir
92918,demo_version_0_,
178940,fillMessageArray_0_,
172799,OptionSubmit_0_,
56070,load_optpage_data_personal_0_,username;data_dir;tzChangeAllowed;edit_name;color;reply_to;full_name;signature;edit_identity;email_address
123655,addSelect_0_,
187144,charset_decode_tis_620_0_,
92937,demo_menuline_0_,
217868,finalizeStream_0_,
220290,clean_up_0_,
189912,charset_decode_cp1256_0_,
203538,unicodetocp1255_0_,
74516,last_0_,
211733,send_mail_1_,
221976,parseEnvelope_0_,
92954,demo_option_link_0_,
148251,sq_fixstyle_0_,view_unsafe_images
178976,displayMessageArray_0_,use_mailbox_cache;PHP_SELF;server_sort_order;thread_sort_messages;index_order;imapServerAddress;allow_server_sort;indent_array
219937,addRFC822Header_0_,
25379,ToggleMDNflag_0_,
135974,attachment_common_link_html_0_,squirrelmail_attachments_finished_handling
218929,InsToId_0_,
92971,demo_check_configuration_0_,
228140,parseContentType_0_,
172845,replaceBlock_0_,
170803,createWidget_Hidden_0_,
156469,sqimap_get_php_sort_order_0_,uid_support
205279,set_my_charset_0_,username;default_charset;data_dir;squirrelmail_language;languages
27454,formatToolbar_0_,base_uri;what;where;download_and_unsafe_link
58175,save_option_sent_folder_0_,username;data_dir
168768,setValue_0_,
230209,getEncodedAddress_0_,
219971,getEntity_1_,
8673,sti_input_0_,
219618,setEnt_0_,
86157,calendar_encodedata_0_,
205648,japanese_charset_xtra_0_,
217937,errorCheck_0_,
160595,sqimap_get_headerfield_0_,squirrelmail_language;uid_support
138068,addChildNodeToTree_0_,
140118,mime_structure_0_,color;mailbox
162647,sqimap_read_data_list_0_,color;squirrelmail_language
170846,createWidget_Comment_0_,
62308,filter_search_and_delete_0_,languages;imap_server_type;squirrelmail_language;allow_charset_search;uid_support
113509,IsUnique_0_,
107367,translate_new_form_0_,color;translate_dir;translate_new_window;translate_same_window;translate_location
25448,formatRecipientString_0_,show_more;show_more_cc;show_more_bcc;PHP_SELF
168812,setCaptionWrap_0_,
93038,demo_menuline_do_0_,
174959,list_addr_4_,
154765,encodeBASE64_0_,
170867,createWidget_EditList_0_,color;javascript_on
131958,sq_lowercase_array_vals_0_,
76663,sqspell_upgradeWordsFile_0_,SQSPELL_APP_DEFAULT;SQSPELL_VERSION
19321,forget_recent_0_,
152444,displayHtmlHeader_0_,custom_css;theme_css;base_uri;pageheader_sent;squirrelmail_language;browser_rendering_mode
197504,lookup_2_,color
168834,setSize_0_,
228637,parseDisposition_0_,
58252,save_option_draft_folder_0_,username;data_dir
131982,sq_trim_value_0_,
199568,charset_encode_iso_8859_15_0_,
168856,setTrailingText_0_,
80793,delete_move_next_loading_prefs_0_,username;delete_move_next_b;delete_move_next_formATtop;delete_move_next_formATbottom;delete_move_next_t;delete_move_next_show_unread;data_dir
195483,charset_decode_cp1255_0_,
123805,addSubmit_0_,
136094,attachment_common_link_image_0_,attachment_common_show_images;squirrelmail_attachments_finished_handling;attachment_common_show_images_list
101280,newmail_pref_0_,username;data_dir;newmail_allbox;newmail_enable;newmail_popup;newmail_changetitle;newmail_recent;newmail_popup_height;newmail_popup_width;newmail_media
132002,sm_get_user_security_tokens_0_,username;max_token_age_days;data_dir
74659,reset_0_,
54180,load_optpage_data_display_0_,allow_thread_sort;default_use_mdn;optmode;language;compose_new_win;js_autodetect_results;languages;theme;squirrelmail_language
161265,sqimap_messages_copy_0_,uid_support
172969,parseEmail_0_,color;Email_RegExp_Match;compose_new_win
168878,setYesText_0_,
78769,squirrelmail_plugin_init_delete_move_next_0_,squirrelmail_plugin_hooks
228275,processParameters_0_,
193694,charset_decode_koi8_r_0_,
199606,unicodetoiso885915_0_,
76729,sqspell_getSettings_0_,SQSPELL_APP_DEFAULT;SQSPELL_APP
138196,walkTreeInPreOrderEmptyTrash_0_,trash_folder
123838,addReset_0_,
167413,logout_error_0_,org_name;frame_top;color;theme_default;org_logo_height;theme;version;org_logo;org_logo_width;hide_sm_attributions;squirrelmail_language
93121,demo_check_configuration_do_0_,
129987,OneTimePadDecrypt_0_,
168900,setNoText_0_,
107471,translate_form_babelfish_0_,
230329,getParameter_0_,
166866,sqimap_append_0_,
123860,addTextArea_0_,
169635,createWidget_StrList_0_,
201687,charset_encode_iso_8859_9_0_,
168922,setUseAddWidget_0_,
129871,OneTimePadEncrypt_0_,
209885,failQuery_0_,
141136,getPriorityStr_0_,
230371,setParameter_0_,
23524,findNextMessage_0_,sort;server_sort_array;msgs;thread_sort_messages;msort;allow_server_sort
220326,getMailbox_0_,
121831,set_error_0_,
37867,pf_clean_string_0_,username;data_dir
168944,setUseDeleteWidget_0_,
191473,charset_decode_iso_8859_10_0_,
156658,get_parent_level_0_,thread_new
78835,fix_sort_array_0_,username;allow_thread_sort;data_dir;mbx_response;uid_support;thread_sort_messages;mailbox;sort;imapConnection;allow_server_sort
232438,japanese_xtra_utf7_imap_decode_0_,
218737,AddChild_0_,
201725,unicodetoiso88599_0_,
74753,send_cmd_0_,
72707,POP3_0_,
168790,setNewValue_0_,
168966,setLayoutType_0_,
128007,sqimap_mailbox_list_all_0_,folder_prefix;list_special_folders_first;delimiter
121866,search_1_,
166924,sqimap_append_done_0_,
230416,Language_0_,
76819,sqspell_getLang_0_,
183890,getDayAbrv_0_,
123926,addForm_0_,
232471,japanese_xtra_strimwidth_0_,
216088,Deliver_SendMail_0_,
209945,getKey_0_,prefs_cache
19482,delete_saved_0_,
168988,setComment_0_,
125445,sqimap_mailbox_delete_0_,username;data_dir
80928,squirrelmail_plugin_init_sent_subfolders_0_,squirrelmail_plugin_hooks
132129,sm_generate_security_token_0_,username;disable_security_tokens;data_dir;do_not_use_single_token
121891,lookup_3_,
175140,add_0_,
101416,newmail_set_loadinfo_0_,optpage_name;optpage
119853,addressbook_cmp_0_,
197679,list_addr_1_,color
169010,setScript_0_,
29747,parse_viewheader_0_,uid_support
166964,sqimap_append_checkresponse_0_,color;squirrelmail_language
211806,writeBody_0_,
185401,charset_decode_iso_8859_6_0_,
130108,sq_mt_seed_0_,
152640,makeInternalLink_0_,
121922,list_addr_0_,
93252,squirrelmail_plugin_init_test_0_,squirrelmail_plugin_hooks
111686,translate_form_google_0_,
169032,setPostScript_0_,
218978,scriptAdd_0_,
93270,test_menuline_0_,
121943,add_3_,
76888,sqspell_getWords_0_,SQSPELL_WORDS_FILE;SQSPELL_CRYPTO;SCRIPT_NAME
80986,sent_subfolders_check_handleAsSent_0_,use_sent_subfolders;sent_subfolders_base;handleAsSent_result
72795,update_timer_0_,
169054,setSaveFunction_0_,
109664,translate_form_gpltrans_0_,
187489,charset_decode_cp1252_0_,
216165,initStream_1_,
87142,confirm_deletion_0_,dhour;color;day;month;dmonth;dminute;dday;year;dyear;calself;calendardata
93288,test_info_0_,
220268,setBody_0_,
78957,delete_move_del_arr_elem_0_,
184509,getLongDateString_0_,hour_format
121968,remove_0_,
119921,alistcmp_0_,
169076,createHTMLWidget_0_,color;javascript_on
208745,gettext_php_load_strings_0_,gettext_php_dir;squirrelmail_language;gettext_php_domain;gettext_php_loaded;gettext_php_short_circuit;gettext_php_translateStrings;gettext_php_loaded_language
72826,connect_0_,
151402,cram_md5_response_0_,
177685,getThreadMessages_0_,
152704,displayInternalLink_0_,
160898,sqimap_get_message_0_,sort;color;uid_support;startMessage
93315,test_version_0_,
25735,formatEnvheader_0_,default_use_mdn;mdn_user_support;PHP_SELF;javascript_on;squirrelmail_language;show_xmailer_default;default_use_priority
121993,modify_3_,
42178,insert_javascript_0_,
228496,parseProperties_0_,
192707,charset_decode_cp1257_0_,
166709,sqimap_status_messages_0_,
134295,check_sm_version_0_,SQM_INTERNAL_VERSION
173210,parseUrl_0_,MailTo_PReg_Match;url_parser_url_tokens;url_parser_poss_ends
210075,deleteKey_0_,prefs_cache
228057,parsePriority_1_,
148842,sq_cid2http_0_,
152734,displayPageHeader_0_,frame_top;mdn_user_support;provider_uri;startMessage;compose_new_win;org_title;attachemessages;default_use_mdn;reply_focus;action;javascript_on;compose_height;hide_sm_attributions;provider_name;compose_width
79008,delete_move_show_msg_array_0_,msort;msgs
212130,writeBodyPart_0_,username;attachment_dir
150694,SendDownloadHeaders_0_,languages;squirrelmail_language
140455,mime_fetch_body_0_,passed_id;what;startMessage;uid_support;mailbox;where
144552,encodeHeaderBase64_0_,
23725,findPreviousMessage_0_,sort;server_sort_array;msgs;thread_sort_messages;msort;allow_server_sort
132272,sm_validate_security_token_0_,username;max_token_age_days;data_dir;disable_security_tokens
38066,pf_show_attachments_0_,color;what;passed_ent_id;where;startMessage
124085,sortSpecialMbx_0_,
81079,sent_subfolders_load_prefs_0_,username;sent_subfolders_base;sent_folder;sent_subfolders_setting;use_sent_subfolders;data_dir
138425,walkTreeInPreOrderDeleteFolders_0_,
158912,parsePriority_0_,
105666,Show_Array_0_,
19652,save_recent_0_,
220364,parseStructure_0_,
42188,display_result_0_,color
68813,mail_fetch_setnew_0_,data_dir
197838,add_2_,
126165,sqimap_mailbox_parse_0_,folder_prefix;delimiter
199204,charset_encode_iso_8859_7_0_,
103642,getMessage_RFC822_Attachment_1_,username;attachment_dir;data_dir;attachments;uid_support
211151,getSig_1_,
179421,mail_message_listing_beginning_0_,allow_thread_sort;auto_expunge;PHP_SELF;color;server_sort_order;thread_sort_messages;base_uri;allow_server_sort
218336,authPop_0_,
79074,delete_move_expunge_from_all_0_,sort;msgs;uid_support;mailbox;msort;imapConnection
184187,getMonthAbrv_0_,
134380,sqstripslashes_0_,
68849,mailfetch_optpage_register_block_0_,optpage_blocks
9460,replyAllString_0_,username;include_self_reply_all;data_dir;idents
216311,finalizeStream_1_,
75003,popstat_0_,
62716,spam_filters_0_,username;data_dir;SpamFilters_YourHop;SpamFilters_BulkQuery;uid_support;SpamFilters_DNScache;SpamFilters_SharedCache
204032,sq_bindtextdomain_0_,languages;sm_notAlias
220419,setEntIds_0_,
175364,remove_2_,
162006,sqimap_run_literal_command_0_,color;squirrelmail_language
109830,translate_form_dictionary_0_,
165128,sqimap_logout_0_,
185611,charset_decode_iso_8859_2_0_,
224524,findAlternativeEntity_0_,
161666,sqimap_session_id_0_,
199950,charset_encode_tis_620_0_,
158991,sqimap_get_small_header_list_0_,username;data_dir;color;uid_support;squirrelmail_language;imap_server_type;allow_server_sort
68887,mail_fetch_folderact_0_,username;data_dir
122138,abook_ldap_server_0_,
167196,map_yp_alias_0_,
120093,get_abook_sort_0_,username;data_dir
138527,walkTreeInPostOrderCreatingFoldersUnderTrash_0_,delimiter;trash_folder
130337,OneTimePadCreate_0_,
183490,getGMTSeconds_0_,
165161,sqimap_capability_0_,sqimap_capabilities
75052,uidl_0_,
134446,sq_call_function_suppress_errors_0_,
124211,find_mailbox_name_0_,
199988,unicodetotis620_0_,
83254,startcalendar_0_,color;month;year
222522,parseLiteral_0_,
178741,calc_msort_0_,internal_date_sort
212815,initStream_2_,
216392,getBcc_0_,
93068,demo_option_link_do_0_,optpage_blocks
191818,charset_decode_utf_8_0_,squirrelmail_language
136524,html_tag_0_,languages;squirrelmail_language
195924,charset_decode_iso_8859_11_0_,
202069,charset_encode_koi8_r_0_,
85335,calendar_header_0_,color;month;day;year
130393,show_readable_size_0_,
204127,sq_setlocale_0_,
132450,sm_encode_html_special_chars_0_,default_charset
161123,parse_message_entities_0_,uid_support
19812,printSearchMessages_0_,sort;color;allow_server_sort;allow_server_thread
120170,show_abook_sort_button_0_,form_url
124268,check_is_noselect_0_,
229266,getAddr_a_0_,
23918,printer_friendly_link_0_,javascript_on
73071,user_0_,
182704,handleAsSent_0_,handleAsSent_result
134517,sqsession_register_0_,
155000,decodeBASE64_0_,
202107,unicodetokoi8r_0_,
124287,readMailboxParent_0_,
230468,ContentType_0_,
144773,find_ent_id_0_,
9606,getReplyCitation_0_,reply_citation_start;reply_citation_end;reply_citation_style
136370,attachment_common_octet_stream_0_,FileExtensionToMimeType
167148,sqimap_get_user_server_0_,
228747,mlist_0_,
134544,sqsession_unregister_0_,
206228,korean_charset_xtra_0_,
154521,imap_utf7_decode_local_0_,languages;default_charset;squirrelmail_language
230808,korean_xtra_downloadfilename_0_,
177565,getServerMessages_0_,
135749,attachment_common_link_text_0_,squirrelmail_attachments_finished_handling
79264,delete_move_next_action_0_,
134565,sqsession_is_registered_0_,
130471,GenerateRandomString_0_,
216491,preWriteToStream_0_,
191921,charset_decode_iso_8859_14_0_,
85426,select_option_length_0_,
209139,__0_,gettext_php_short_circuit;gettext_php_translateStrings;squirrelmail_language;gettext_php_loaded_language;gettext_php_loaded
230302,setVar_0_,
232009,japanese_xtra_decodeheader_0_,
69051,validate_mail_fetch_port_number_0_,mail_fetch_allowable_ports
134588,sqgetGlobalVar_0_,
157117,get_thread_sort_0_,thread_new;server_sort_array;uid_support;sort_by_ref;default_charset
77251,sqspell_writeWords_0_,SQSPELL_WORDS_FILE;SQSPELL_CRYPTO
132548,cachePrefValues_1_,prefs_cache;prefs_are_cached
102305,squirrelmail_plugin_init_spamcop_0_,squirrelmail_plugin_hooks
218577,html_0_,
124372,isBoxBelow_0_,delimiter
30165,view_header_0_,
204246,charset_decode_0_,languages;default_charset;aggressive_decoding;squirrelmail_language
81368,filter_folders_0_,
216537,initStream_0_,smtp_auth_mech;use_smtp_tls
167390,plain_error_message_0_,
171489,createWidget_Submit_0_,
73186,pass_0_,
220644,parseBodyStructure_0_,
79334,delete_move_next_read_t_0_,delete_move_next_t
81148,sent_subfolders_optpage_loadhook_folders_0_,optpage_data;imapPort;imapServerAddress
13803,getAttachments_0_,username;attachment_dir;data_dir;squirrelmail_language;languages
140882,mime_print_body_lines_0_,uid_support
81390,save_option_sent_subfolders_setting_0_,username;sent_subfolders_base;data_dir;use_sent_subfolders
151464,digest_md5_response_0_,
198132,remove_1_,
120309,AddressBook_0_,
184575,getDateString_0_,invert_time;show_full_date;hour_format
79356,delete_move_next_read_b_0_,delete_move_next_b
228862,parseSpamStatus_0_,
219664,getFilename_0_,
122370,open_2_,
123478,addCheckBox_0_,
224774,getAttachments_1_,
120330,get_backend_list_0_,
24076,ServerMDNSupport_0_,
69133,validate_mail_fetch_server_address_0_,mail_fetch_block_server_pattern
77400,sqspell_makeDummy_0_,SQSPELL_APP_DEFAULT;SQSPELL_VERSION
79378,delete_move_next_read_0_,sort;passed_id;what;delete_move_next_formATtop;startMessage;color;delete_move_next_formATbottom;mbx_response;uid_support;mailbox;base_uri;delete_id;passed_ent_id;delete_move_next_show_unread;imapConnection;auto_expunge;move_to_trash;where;move_id;currentArrayIndex
171541,save_0_,
46616,attachment_common_parse_0_,attachment_common_types;attachment_common_types_parsed
187930,charset_decode_us_ascii_0_,
130587,quoteimap_0_,
169504,createWidget_String_0_,
141217,getEntity_0_,
24100,SendMDN_0_,username;default_charset;domain;pop_before_smtp;data_dir;attachments;sent_folder;languages;color;popuser;sendmail_path;default_move_to_sent;attachment_dir;version;squirrelmail_language;useSendmail;sendmail_args;smtpPort;smtpServerAddress;pop_before_smtp_host
193457,charset_decode_iso_8859_8_0_,
218665,htmlAdd_0_,
124459,isSpecialMailbox_0_,subfolders_of_inbox_are_special
144941,sq_check_save_extension_0_,
130607,TrimArray_0_,
138801,simpleWalkTreePre_0_,
161330,sqimap_messages_delete_0_,uid_support;auto_expunge;trash_folder;move_to_trash
175520,modify_0_,
208595,textdomain_0_,
151095,is_logged_in_0_,session_expired_location;domain;session_expired_post;check_referrer;squirrelmail_language
162399,sqimap_fread_0_,
171565,changed_0_,
77375,sqspell_deleteWords_0_,SQSPELL_WORDS_FILE
210187,setKey_0_,
177732,getServerSortMessages_0_,
149061,sq_body2div_0_,
136774,set_url_var_0_,
81480,sent_subfolders_update_sentfolder_0_,use_sent_subfolders;data_dir;sent_folder;sent_subfolders_setting;auto_create_done;move_to_sent;auto_create_special;imapPort;imapServerAddress;imap_server_type;sent_subfolders_base
93773,test_menuline_do_0_,
91726,squirrelmail_plugin_init_message_details_0_,squirrelmail_plugin_hooks
171600,save_option_0_,data_dir
120402,add_backend_0_,
85588,select_option_minute_0_,
194135,charset_decode_cp1251_0_,
56920,save_option_signature_0_,username;data_dir
187995,charset_decode_iso_8859_4_0_,
69214,hex2bin_0_,
91744,show_message_details_0_,color;passed_id;javascript_on;passed_ent_id;mailbox
9826,getforwardHeader_0_,editor_size
93795,adm_check_user_0_,plugins
185956,charset_decode_iso_8859_1_0_,
61030,filters_SaveCache_0_,data_dir;SpamFilters_DNScache
32359,formatMailboxName_0_,save_as_draft;sent_folder;color;use_special_folder_color;folder_prefix;draft_folder;unseen_notify;trash_folder;collapse_folders;unseen_type;move_to_sent;move_to_trash
73322,apop_0_,
145006,sq_defang_0_,
142961,sqimap_base64_decode_0_,
183774,getDayName_0_,
128635,sqWordWrap_0_,languages;squirrelmail_language
77438,sqspell_ckMOD_0_,
177791,getSelfSortMessages_0_,
134786,sqsession_destroy_0_,base_uri
75398,delete_0_,
124553,isInboxMailbox_0_,
161418,sqimap_messages_flag_0_,uid_support
200343,unicodetousascii_0_,
56985,load_optpage_data_folder_0_,username;show_prefix_option;imapPort;folder_prefix;default_folder_prefix;key;imapServerAddress
126619,user_strcasecmp_0_,
69280,mf_keyED_0_,MF_TIT
34467,do_err_0_,IND
224932,initAttachment_0_,
210781,getPref_0_,
200305,charset_encode_us_ascii_0_,
65193,remove_filter_0_,username;data_dir
204439,charset_encode_1_,default_charset
229037,getAddr_s_0_,
186031,charset_decode_cp1254_0_,
165552,sqimap_get_num_messages_0_,
222897,parseAddress_2_,
124594,isTrashMailbox_0_,trash_folder;move_to_trash
126643,sqimap_mailbox_option_list_0_,username;data_dir
218804,FindId_0_,
138938,use_plugin_0_,
212670,clean_crlf_0_,
85695,select_option_hour_0_,
208578,bindtextdomain_0_,
167883,error_box_0_,org_title;pageheader_sent
161476,sqimap_messages_remove_flag_0_,uid_support
184006,getMonthName_0_,
11975,newMail_0_,body;username;editor_size;body_quote;data_dir;imapPort;composesession;use_signature;idents;languages;squirrelmail_language;key;composeMessage;imapServerAddress;default_charset;default_use_priority;strip_sigs
200392,charset_encode_cp1256_0_,
225301,parseHeader_0_,
120522,full_address_0_,username;data_dir
214732,foldLine_0_,
196302,abook_local_file_0_,
173779,sq_strpos_8bit_0_,
130772,makeComposeLink_0_,javascript_on;compose_new_win
26329,formatMenubar_0_,sort;what;startMessage;base_uri;enable_forward_as_attachment;draft_folder;color;save_as_draft;where;PHP_SELF
83681,drawmonthview_0_,color;month;todayis;calendardata;year
145123,sq_unspace_0_,
65258,filter_swap_0_,username;data_dir
143084,decodeBody_0_,
175854,elapsed_0_,
141039,listEntities_0_,
138995,do_hook_0_,squirrelmail_plugin_hooks
75509,is_ok_0_,
149238,sq_sanitize_0_,
113620,Darkness_HeaderPlugin_0_,
132862,getPref_1_,prefs_cache
232405,japanese_xtra_utf7_imap_encode_0_,
165633,parseAddress_0_,
69386,encrypt_0_,
46859,oh_opt_0_,
198274,modify_2_,
85774,select_option_priority_0_,
124688,isDraftMailbox_0_,save_as_draft;draft_folder
61201,filters_LoadCache_0_,data_dir;SpamFilters_DNScache
75547,strip_clf_0_,
122653,charset_encode_0_,default_charset
212773,preWriteToStream_1_,
136998,echo_template_var_0_,
145196,sq_fixIE_idiocy_0_,
204593,charset_convert_0_,
202547,charset_encode_cp1251_0_,
212788,writeToStream_0_,
130871,sm_print_r_0_,
225080,purgeAttachments_0_,username;attachment_dir
139067,do_hook_function_0_,squirrelmail_plugin_hooks
124732,sqimap_mailbox_expunge_0_,uid_support
94013,adm_array_trim_0_,
175935,printMessageInfo_0_,checkall;internal_date_sort;msgs;color;server_sort_order;pos;thread_sort_messages;msort;row_count;index_order;preselected;td_str;msg;truncate_sender;allow_server_sort;indent_array;message_highlight_list;default_use_priority;truncate_subject
155456,sqimap_msgs_list_copy_0_,uid_support
65345,update_for_folder_0_,username;data_dir;plugins
227138,createAddressObject_0_,
215509,calculate_references_0_,
225653,parseField_0_,
75593,parse_banner_0_,
161612,sqimap_get_small_header_0_,
73698,top_0_,
134990,sqsetcookie_0_,only_secure_cookies;is_secure_connection
122703,charset_decode_1_,default_charset
77648,squirrelmail_plugin_init_info_0_,squirrelmail_plugin_hooks
120657,search_0_,
143191,decodeHeader_0_,languages;default_charset;squirrelmail_language
202585,unicodetocp1251_0_,
174394,get_field_name_0_,
178014,showMessagesForMailbox_0_,auto_expunge;msgs;server_sort_order;thread_sort_messages;msort;allow_server_sort
77666,info_opt_0_,optpage_blocks
85859,select_option_year_0_,
63335,filters_spam_check_site_0_,SpamFilters_CacheTTL;SpamFilters_DNScache
204648,fixcharset_0_,
130921,sq_fwrite_0_,
132970,savePrefValues_0_,prefs_cache
180078,printHeader_0_,imap_server_type;index_order;internal_date_sort
147311,sq_deent_0_,
223094,parseDisposition_1_,
67447,squirrelmail_plugin_init_mail_fetch_0_,squirrelmail_plugin_hooks
73595,login_0_,
122753,ldapspecialchars_0_,
61314,filters_bulkquery_0_,username;SpamFilters_YourHop;SpamFilters_BulkQuery;SpamFilters_CacheTTL;attachment_dir;SpamFilters_DNScache
212867,getBCC_0_,
139141,concat_hook_function_0_,squirrelmail_plugin_hooks
69511,decrypt_0_,
14216,getMessage_RFC822_Attachment_0_,username;attachment_dir;data_dir;uid_support
155531,sqimap_msgs_list_move_0_,
157581,elapsedTime_0_,
77710,get_caps_0_,
190353,charset_decode_cp1253_0_,
212882,prepareMIME_Header_0_,username;attachment_dir
203930,sq_change_text_domain_0_,use_gettext
130967,sq_is8bit_0_,default_charset
219037,echoHtml_0_,
210846,removePref_1_,prefs_cache
230566,Disposition_0_,
85921,select_option_month_0_,
128936,sqUnWordWrap_0_,squirrelmail_language
90026,CalcEntity_0_,
136252,attachment_common_link_vcard_0_,squirrelmail_attachments_finished_handling
161712,sqimap_run_command_list_0_,color;squirrelmail_language
67505,mail_fetch_link_0_,
188340,charset_decode_iso_8859_13_0_,
122806,search_3_,
141240,translateText_0_,color;what;where
157626,parseString_0_,
130183,sq_mt_randomize_0_,
124863,sqimap_mailbox_exists_0_,
196544,open_0_,
112578,ShowOption_0_,
182211,processSubject_0_,languages;squirrelmail_language
77764,imap_test_0_,default_charset
67525,mail_fetch_load_pref_0_,mailfetch_cypher;data_dir;PHP_SELF;mailfetch_alias_;mailfetch_uidl_;mailfetch_lmos_;mailfetch_login_;mailfetch_server_;mailfetch_port_;mailfetch_server_number;mailfetch_fref_;mailfetch_pass_;mailfetch_user_
204743,set_up_language_0_,default_charset;squirrelmail_default_language;sm_notAlias;use_gettext;languages;squirrelmail_language
108488,translate_form_go_0_,
155594,sqimap_msgs_list_delete_0_,uid_support;trash_folder;move_to_trash
102347,spamcop_load_0_,username;spamcop_delete;data_dir;spamcop_enabled;spamcop_method;spamcop_id;spamcop_quick_report
139215,boolean_hook_function_0_,squirrelmail_plugin_hooks
131027,sq_strlen_0_,default_charset;squirrelmail_language;sq_string_func_auto_charset
110550,translate_form_otenet_0_,
75735,stripos_0_,
69593,mail_fetch_check_folder_0_,mail_fetch_allow_unsubscribed
81886,save_option_sent_subfolders_base_0_,
137183,get_identities_0_,username;domain;data_dir
96226,squirrelmail_plugin_init_administrator_0_,squirrelmail_plugin_hooks
84698,display_events_0_,color;daily_events;year;day;month
210921,setPref_0_,prefs_cache
106474,squirrelmail_plugin_init_bug_report_0_,squirrelmail_plugin_hooks
126956,mailtree_sort_0_,delimiter
65520,do_error_0_,color
81907,sent_subfolder_getQuarter_0_,
16375,showComposeButtonRow_0_,username;default_use_mdn;use_javascript_addr_book;data_dir;request_mdn;request_dr;mailprio;save_as_draft;default_use_priority
124920,sqimap_mailbox_select_0_,color;auto_expunge
112633,ShowTrad_0_,
96251,squirrelmail_administrator_optpage_register_block_0_,optpage_blocks
129365,php_self_0_,
